<?xml version="1.0"?>
<!DOCTYPE module PUBLIC
    "-//Checkstyle//DTD Checkstyle Configuration 1.3//EN"
    "https://checkstyle.org/dtds/configuration_1_3.dtd">

<module name="Checker">
    <property name="severity" value="error"/>

    <module name="TreeWalker">
        <!-- Require Javadoc comments for types and methods -->
        <module name="JavadocType"/>
        <module name="JavadocMethod"/>
        <!-- Naming conventions -->
        <module name="MethodName"/>
        <module name="ParameterName"/>
        <module name="LocalVariableName"/>
        <module name="MemberName"/>
        <!-- Indentation -->
        <module name="Indentation"/>
        <!-- Braces -->
        <module name="LeftCurly"/>
        <module name="RightCurly"/>
        <!-- Line length -->
        <module name="LineLength">
            <property name="max" value="120"/>
        </module>
    </module>
</module>
